{"cameraMode":{"drawMode":0,"name":"Shaded","section":"Shading Mode"},"sceneLighting":false,"audioPlay":false,"sceneViewState":{"m_AlwaysRefresh":false,"showFog":true,"showSkybox":false,"showFlares":true,"showImageEffects":true,"showParticleSystems":true,"showVisualEffectGraphs":true,"m_FxEnabled":true},"in2DMode":false,"pivot":{"x":0.19652386009693147,"y":4.6725358963012699,"z":-3.687906265258789},"rotation":{"x":0.24874834716320039,"y":-0.008716976270079613,"z":0.002238790038973093,"w":0.9685270190238953},"size":2.5542755126953127,"orthographic":false}