{"cameraMode":{"drawMode":0,"name":"Shaded","section":"Shading Mode"},"sceneLighting":false,"audioPlay":false,"sceneViewState":{"m_AlwaysRefresh":false,"showFog":true,"showSkybox":false,"showFlares":true,"showImageEffects":true,"showParticleSystems":true,"showVisualEffectGraphs":true,"m_FxEnabled":true},"in2DMode":false,"pivot":{"x":-0.11695180833339691,"y":1.689074993133545,"z":-0.3300231993198395},"rotation":{"x":0.2617926299571991,"y":0.01158115454018116,"z":-0.003141658380627632,"w":0.965050458908081},"size":2.789332628250122,"orthographic":false}