{"cameraMode":{"drawMode":0,"name":"Shaded","section":"Shading Mode"},"sceneLighting":true,"audioPlay":false,"sceneViewState":{"m_AlwaysRefresh":false,"showFog":true,"showSkybox":true,"showFlares":true,"showImageEffects":true,"showParticleSystems":true,"showVisualEffectGraphs":true,"m_FxEnabled":true},"in2DMode":false,"pivot":{"x":-0.053595758974552158,"y":-3.411093235015869,"z":-6.528567314147949},"rotation":{"x":0.000759337330237031,"y":-0.9779667854309082,"z":0.2087629735469818,"w":0.003524614730849862},"size":5.1027069091796879,"orthographic":false}