{"cameraMode":{"drawMode":0,"name":"Shaded","section":"Shading Mode"},"sceneLighting":true,"audioPlay":false,"sceneViewState":{"m_AlwaysRefresh":false,"showFog":true,"showSkybox":true,"showFlares":true,"showImageEffects":true,"showParticleSystems":true,"showVisualEffectGraphs":true,"m_FxEnabled":true},"in2DMode":false,"pivot":{"x":-3.2742326259613039,"y":-1.318244218826294,"z":31.285839080810548},"rotation":{"x":-0.029927225783467294,"y":0.06596044450998306,"z":-0.002045790897682309,"w":-0.9973870515823364},"size":12.934072494506836,"orthographic":false}