{"cameraMode":{"drawMode":0,"name":"Shaded","section":"Shading Mode"},"sceneLighting":true,"audioPlay":false,"sceneViewState":{"m_AlwaysRefresh":false,"showFog":true,"showSkybox":true,"showFlares":true,"showImageEffects":true,"showParticleSystems":true,"showVisualEffectGraphs":true,"m_FxEnabled":true},"in2DMode":false,"pivot":{"x":6.1518707275390629,"y":12.729490280151368,"z":172.30905151367188},"rotation":{"x":0.2626917064189911,"y":-0.7271313667297363,"z":0.37164875864982607,"w":0.5139604806900024},"size":0.8660253882408142,"orthographic":false}