{"cameraMode":{"drawMode":0,"name":"Shaded","section":"Shading Mode"},"sceneLighting":false,"audioPlay":false,"sceneViewState":{"m_AlwaysRefresh":false,"showFog":true,"showSkybox":false,"showFlares":true,"showImageEffects":true,"showParticleSystems":true,"showVisualEffectGraphs":true,"m_FxEnabled":true},"in2DMode":false,"pivot":{"x":1.9586938619613648,"y":-17.12476348876953,"z":35.333744049072269},"rotation":{"x":0.21792471408843995,"y":0.04243969917297363,"z":-0.009484312497079373,"w":0.975001871585846},"size":21.744516372680665,"orthographic":false}