{"cameraMode":{"drawMode":0,"name":"Shaded","section":"Shading Mode"},"sceneLighting":false,"audioPlay":false,"sceneViewState":{"m_AlwaysRefresh":false,"showFog":true,"showSkybox":false,"showFlares":true,"showImageEffects":true,"showParticleSystems":true,"showVisualEffectGraphs":true,"m_FxEnabled":true},"in2DMode":false,"pivot":{"x":0.2541901469230652,"y":0.2534905672073364,"z":2.1671009063720705},"rotation":{"x":0.010864615440368653,"y":-0.9890178442001343,"z":0.11204588413238526,"w":0.0958421379327774},"size":0.17320509254932404,"orthographic":false}