{"cameraMode":{"drawMode":0,"name":"Shaded","section":"Shading Mode"},"sceneLighting":false,"audioPlay":false,"sceneViewState":{"m_AlwaysRefresh":false,"showFog":true,"showSkybox":false,"showFlares":true,"showImageEffects":true,"showParticleSystems":true,"showVisualEffectGraphs":true,"m_FxEnabled":true},"in2DMode":false,"pivot":{"x":0.42075392603874209,"y":0.014334703795611859,"z":7.916734218597412},"rotation":{"x":0.22918571531772614,"y":-0.24056704342365266,"z":0.05856124311685562,"w":0.941379964351654},"size":0.27450159192085268,"orthographic":false}