{"cameraMode":{"drawMode":0,"name":"Shaded","section":"Shading Mode"},"sceneLighting":false,"audioPlay":false,"sceneViewState":{"m_AlwaysRefresh":false,"showFog":true,"showSkybox":false,"showFlares":true,"showImageEffects":true,"showParticleSystems":true,"showVisualEffectGraphs":true,"m_FxEnabled":true},"in2DMode":false,"pivot":{"x":-0.45329973101615908,"y":0.29422280192375185,"z":10.265361785888672},"rotation":{"x":0.071146659553051,"y":-0.1475728452205658,"z":0.01064241025596857,"w":0.986434817314148},"size":0.21424299478530885,"orthographic":false}